commentId,userId,postId,text,createdAt
c-d0380bf3,u-162e1baa,p-4d9be3b4,Food cat nature art nature food.,2025-08-28T06:28:52.185267Z
c-d724fdec,u-114e3fe8,p-d35f7ecf,Night happy tech travel food design.,2025-07-21T15:29:28.185267Z
c-d4afb11f,u-162e1baa,p-0a4e3263,Night photo love art ocean beach.,2025-08-27T15:40:10.185267Z
c-9cfa3d98,u-9945cb14,p-41e66b19,Happy family art love fashion mountain.,2025-01-07T04:41:12.185267Z
c-1effaa06,u-fdb0cfb8,p-4d9be3b4,Travel photo weekend photo photo weekend.,2025-08-02T03:37:35.185267Z
c-c8eb14c4,u-d9712f12,p-897fd637,Design coffee night workout family music.,2025-08-27T01:29:30.185267Z
c-a4ec2760,u-d9712f12,p-05ad9e76,Family art dog sky night food.,2025-02-13T06:17:25.185267Z
c-00bd4cd6,u-774be978,p-896e3d17,Friends beach coffee family weekend friends.,2025-08-12T07:11:44.185267Z
c-7561e1d0,u-82737024,p-ff85d742,Tech ocean design night mountain beach.,2025-08-14T12:13:44.185267Z
c-5f5ac248,u-fdb0cfb8,p-ba35cf2c,Tech coffee nature city coffee city.,2025-08-13T19:27:52.185267Z
c-e10089c5,u-114e3fe8,p-83165cf0,Photo workout weekend design music coffee.,2025-08-20T18:13:09.185267Z
c-0dafbfab,u-9e3f4f08,p-a0652f96,Cat coffee night friends music food.,2025-04-29T15:22:10.185267Z
c-f061eee6,u-c25fdbe3,p-41e66b19,Dog tech workout friends mountain design.,2025-06-03T16:56:09.185267Z
c-c2013e1e,u-55f38d3e,p-70663ac0,Photo music travel dog fashion travel.,2025-08-11T01:32:10.185267Z
c-70740c1c,u-4daafaac,p-0b97f38a,Weekend nature friends food travel friends.,2025-06-27T16:08:05.185267Z
c-e81b4db5,u-9945cb14,p-f5e7bb13,Happy ocean fashion mountain ocean tech.,2025-06-02T17:23:21.185267Z
c-2dade53e,u-c25fdbe3,p-f4560253,Dog family happy fashion music night.,2024-12-26T01:06:34.185267Z
c-0c5d214f,u-114e3fe8,p-c36670c2,Night workout family photo dog sky.,2025-08-13T12:10:32.185267Z
c-cc001fd3,u-82737024,p-840fc147,Happy sky tech coffee beach travel.,2025-06-16T19:18:15.185267Z
c-d0ad8e76,u-a982f07b,p-ff85d742,Family family workout love coffee happy.,2025-08-12T14:11:07.185267Z
c-4aa07ed6,u-b7628c5c,p-54c8a179,Family family tech cat travel love.,2025-07-16T00:49:48.185267Z
c-880d6a11,u-b7628c5c,p-4d9be3b4,Workout friends night music art food.,2025-08-02T18:24:51.185267Z
c-ff2265d2,u-d9712f12,p-896e3d17,Design photo workout weekend food music.,2025-04-23T11:51:47.185267Z
c-730e7738,u-47223d71,p-ba35cf2c,City happy nature ocean design city.,2025-07-12T18:42:06.185267Z
c-16bc0d4c,u-c94c4ee2,p-512bbf49,Tech mountain ocean tech travel sky.,2025-06-30T00:08:27.185267Z
c-87a1490e,u-f57dbdfc,p-e0000420,Ocean travel weekend weekend nature nature.,2025-07-07T08:14:08.185267Z
c-c3046977,u-82737024,p-ba35cf2c,Ocean night mountain family photo art.,2025-08-10T20:00:27.185267Z
c-70f2cd2d,u-c94c4ee2,p-743e8073,Beach art design sunset family weekend.,2025-08-14T06:50:05.185267Z
c-e1953821,u-774be978,p-70663ac0,Weekend beach happy travel travel nature.,2025-06-08T00:09:37.185267Z
c-38464f62,u-5f0fb8b1,p-ba35cf2c,Design photo fashion cat fashion love.,2025-08-08T05:53:51.185267Z
c-0bc5a8b6,u-fdb0cfb8,p-512bbf49,Night travel tech tech sky photo.,2025-07-23T14:18:54.185267Z
c-f0c35b4c,u-c25fdbe3,p-512bbf49,Night love mountain cat beach fashion.,2025-08-15T08:13:02.185267Z
c-fb51d731,u-c5699f84,p-87b656b6,Photo beach nature mountain mountain friends.,2025-08-27T23:45:44.185267Z
c-89659c1a,u-a982f07b,p-05ad9e76,Nature travel music city night weekend.,2025-08-08T22:32:04.185267Z
c-2e863d4a,u-47223d71,p-512bbf49,Nature happy weekend travel photo night.,2025-08-22T11:59:41.185267Z
c-dfa1a454,u-82737024,p-0ea84376,Beach mountain sky happy dog happy.,2025-08-28T20:46:02.185267Z
c-2358c6ab,u-f57dbdfc,p-7d6b04c6,Sunset travel coffee night cat love.,2025-08-10T16:25:37.185267Z
c-18828ffc,u-47223d71,p-11c7e70d,Cat love fashion happy night sunset.,2025-08-28T12:11:27.185267Z
c-b79f17be,u-55f38d3e,p-663a2807,Nature night nature design art sky.,2025-08-01T10:58:34.185267Z
c-9d3bffce,u-5f0fb8b1,p-f5e7bb13,Travel ocean coffee mountain tech fashion.,2025-06-04T04:56:23.185267Z
c-ec668d2c,u-55f38d3e,p-4aca1377,Friends happy beach friends ocean friends.,2025-08-25T02:49:46.185267Z
c-9edb6472,u-c25fdbe3,p-7917a014,Cat family photo weekend food friends.,2025-06-01T05:26:30.185267Z
c-c6d4e8ff,u-a982f07b,p-4aca1377,Music tech art beach food coffee.,2025-08-24T03:05:26.185267Z
c-eb2d14df,u-9945cb14,p-897fd637,Happy fashion art mountain friends love.,2025-08-26T04:07:46.185267Z
c-c80b43a0,u-f57dbdfc,p-743e8073,Mountain design photo tech design nature.,2025-08-11T11:23:23.185267Z
c-18c86798,u-55f38d3e,p-840fc147,Workout photo tech art city love.,2025-05-19T17:35:34.185267Z
c-0e068bfd,u-c25fdbe3,p-87b656b6,Nature design happy night sky design.,2025-08-27T21:04:54.185267Z
c-3a31b5e5,u-9945cb14,p-0a4e3263,Food fashion beach music dog family.,2025-06-02T19:20:08.185267Z
c-ebfce472,u-5f0fb8b1,p-70663ac0,Workout coffee love weekend city family.,2025-03-18T00:44:10.185267Z
c-86fe01b2,u-e6912638,p-a0652f96,Workout photo tech cat weekend music.,2025-03-07T05:35:27.185267Z
c-a5ad8203,u-162e1baa,p-54c8a179,Food beach food workout family friends.,2025-08-28T13:19:06.185267Z
c-67d303bf,u-e6912638,p-70663ac0,Beach city happy photo workout photo.,2025-08-02T20:17:02.185267Z
c-39a23a92,u-114e3fe8,p-dc950a4c,Beach ocean friends design photo tech.,2025-08-17T14:11:49.185267Z
c-40b4e5da,u-b7628c5c,p-0b97f38a,Friends happy friends mountain workout happy.,2025-06-19T18:34:23.185267Z
c-ffef77bf,u-9945cb14,p-0ea84376,Photo photo weekend design ocean love.,2025-08-28T20:37:41.185267Z
c-720883ea,u-9945cb14,p-25d2b0e9,Sunset family friends sky food fashion.,2025-08-15T01:13:02.185267Z
c-c4cbc816,u-774be978,p-f5e7bb13,Dog ocean night sunset happy design.,2025-08-09T20:25:03.185267Z
c-f534ac5f,u-47223d71,p-11c7e70d,Love art dog coffee love design.,2025-08-28T18:53:02.185267Z
c-91c2b1f8,u-82737024,p-4d9be3b4,Dog happy cat workout beach sky.,2025-08-28T05:05:38.185267Z
c-b99dad6b,u-a982f07b,p-dc950a4c,City sunset tech friends fashion beach.,2025-08-19T07:32:48.185267Z
