postId,userId,caption,createdAt,hashtags,likeCount
p-75810bd0,u-f57dbdfc,City night design workout night tech beach.,2025-01-16T07:08:30.185267Z,,1
p-840fc147,u-e6912638,Weekend music dog love fashion love workout.,2025-05-02T05:56:01.185267Z,photo,5
p-dc950a4c,u-55f38d3e,Travel cat coffee food beach night mountain.,2025-08-16T15:31:41.185267Z,city,4
p-87b656b6,u-162e1baa,Tech photo music weekend sunset sky dog.,2025-08-27T19:14:30.185267Z,weekend,4
p-c36670c2,u-f57dbdfc,Food nature fashion mountain tech sunset dog.,2025-07-11T22:11:23.185267Z,mountain,6
p-3f8c6587,u-c5699f84,Food night nature night photo happy city.,2025-08-07T19:06:05.185267Z,photo,6
p-2b26b0c0,u-c5699f84,Sunset happy friends design sunset food family.,2025-08-15T07:18:38.185267Z,food,4
p-446ddbd2,u-fdb0cfb8,Travel dog design travel cat weekend cat.,2025-05-09T14:41:35.185267Z,,4
p-512bbf49,u-55f38d3e,Weekend mountain music photo happy fashion city.,2025-06-22T19:35:14.185267Z,ocean;family,8
p-b64fdf0c,u-c25fdbe3,Tech photo tech food art art travel.,2025-04-19T21:31:00.185267Z,,10
p-db7211f5,u-e6912638,Art love art sunset travel ocean night.,2025-03-04T09:16:46.185267Z,friends,1
p-83fd20ff,u-fdb0cfb8,Photo art music sky design city weekend.,2025-05-10T21:13:28.185267Z,love;love,3
p-743e8073,u-4daafaac,City food food sky fashion family fashion.,2025-05-29T09:11:17.185267Z,sky,3
p-0acb68ce,u-c94c4ee2,Coffee workout dog friends food art city.,2024-12-17T02:59:45.185267Z,mountain,5
p-e49d7207,u-47223d71,Tech art travel tech weekend food coffee.,2025-08-25T01:11:50.185267Z,travel;art;love,6
p-d35f7ecf,u-55f38d3e,City workout coffee mountain workout sunset workout.,2025-03-08T08:51:18.185267Z,nature;design;weekend,5
p-483d4ae3,u-55f38d3e,Beach city nature city coffee love dog.,2025-06-23T22:36:33.185267Z,,3
p-25ad5674,u-f57dbdfc,Coffee coffee love design photo photo mountain.,2024-10-27T12:26:08.185267Z,mountain;cat;art,3
p-a0652f96,u-5f0fb8b1,Food love art love happy coffee happy.,2024-11-17T04:25:20.185267Z,workout,2
p-f5e7bb13,u-f57dbdfc,Music city sky ocean friends art music.,2025-03-08T03:16:16.185267Z,,5
p-83165cf0,u-9945cb14,Tech friends cat travel sunset tech happy.,2025-08-13T05:35:13.185267Z,coffee;night;travel,5
p-7808dd0a,u-a982f07b,Family nature mountain tech weekend ocean nature.,2025-08-17T22:43:38.185267Z,photo;sunset;family,3
p-05ad9e76,u-c94c4ee2,Beach music food food dog weekend beach.,2025-01-18T00:35:23.185267Z,friends,2
p-70663ac0,u-9e3f4f08,Sky night music photo design music coffee.,2025-03-09T05:53:29.185267Z,coffee,6
p-897fd637,u-d9712f12,Friends cat beach night music mountain dog.,2025-06-03T06:28:55.185267Z,art,2
p-7917a014,u-c94c4ee2,Travel ocean beach weekend coffee family love.,2025-05-06T20:01:39.185267Z,,4
p-f8624ff4,u-b7628c5c,Coffee nature family coffee family city sky.,2025-06-07T02:55:54.185267Z,sunset,5
p-41e66b19,u-4daafaac,Happy dog beach art mountain mountain fashion.,2024-12-30T08:27:46.185267Z,,3
p-f4560253,u-f57dbdfc,Fashion sky dog art music mountain ocean.,2024-11-16T09:48:14.185267Z,love,10
p-4aca1377,u-a982f07b,City tech family nature art art sunset.,2025-08-22T15:24:13.185267Z,,2
p-25d2b0e9,u-f57dbdfc,Music travel cat music family night photo.,2025-03-09T15:33:08.185267Z,friends,3
p-23429c6a,u-d9712f12,Food music mountain love music coffee food.,2025-08-02T08:43:25.185267Z,friends,3
p-40a8cf61,u-4daafaac,Happy photo food workout love city music.,2025-01-06T23:08:58.185267Z,sunset;dog,6
p-4d9be3b4,u-9e3f4f08,Family fashion travel sky friends happy friends.,2025-06-28T03:21:32.185267Z,nature;family,3
p-0a4e3263,u-4daafaac,Friends workout ocean nature weekend beach city.,2025-06-02T00:16:51.185267Z,design,2
p-09f86659,u-82737024,Happy love nature workout weekend sunset nature.,2025-06-30T19:09:41.185267Z,happy,5
p-7d6b04c6,u-f57dbdfc,Tech tech tech sky city photo design.,2025-08-09T16:25:47.185267Z,mountain;nature;nature,2
p-0ea84376,u-162e1baa,Friends travel cat art sky nature art.,2025-08-28T20:26:13.185267Z,,2
p-0b97f38a,u-d9712f12,Coffee art design happy cat travel tech.,2025-05-23T15:08:48.185267Z,fashion;design,6
p-a799841a,u-5f0fb8b1,Art beach night ocean sunset cat cat.,2024-11-26T17:44:50.185267Z,fashion;dog,6
p-663a2807,u-e6912638,Art food tech beach tech sky photo.,2025-06-09T11:41:19.185267Z,tech,1
p-11c7e70d,u-162e1baa,Dog photo fashion weekend tech mountain dog.,2025-08-28T08:21:12.185267Z,night,4
p-e0000420,u-47223d71,Cat cat photo design night art music.,2025-06-03T14:40:34.185267Z,,5
p-54c8a179,u-9945cb14,Art music friends friends weekend travel beach.,2025-03-06T03:56:59.185267Z,ocean,2
p-81e3103a,u-9e3f4f08,Travel fashion fashion friends weekend tech fashion.,2025-03-03T09:55:43.185267Z,photo,3
p-ba35cf2c,u-774be978,Ocean sunset cat love workout design sunset.,2025-05-30T10:48:36.185267Z,happy,2
p-43f50a73,u-e6912638,Dog dog weekend happy art design art.,2025-04-14T22:52:43.185267Z,friends,3
p-896e3d17,u-5f0fb8b1,Dog mountain tech beach happy weekend sunset.,2025-03-18T08:48:59.185267Z,travel,2
p-7eff8745,u-4daafaac,Beach tech mountain coffee music workout friends.,2025-03-12T22:15:14.185267Z,city,5
p-ff85d742,u-47223d71,Cat fashion music travel design sunset dog.,2025-07-12T06:30:58.185267Z,,5
