userId,username,displayName,email,createdAt,profilePicUrl
u-d9712f12,morgansmith95,Morgan Smith,morgansmith95@example.com,2024-12-13T16:16:36.185267Z,https://example.com/profiles/morgansmith95.jpg
u-114e3fe8,caseydavis18,Casey Davis,caseydavis18@example.com,2025-06-10T21:13:37.185267Z,https://example.com/profiles/caseydavis18.jpg
u-fdb0cfb8,morganlopez12,Morgan Lopez,morganlopez12@example.com,2025-04-15T04:36:24.185267Z,https://example.com/profiles/morganlopez12.jpg
u-c94c4ee2,cameronjohnson4,Cameron Johnson,cameronjohnson4@example.com,2024-10-04T06:07:14.185267Z,https://example.com/profiles/cameronjohnson4.jpg
u-b7628c5c,rileydavis65,Riley Davis,rileydavis65@example.com,2025-04-19T16:02:20.185267Z,https://example.com/profiles/rileydavis65.jpg
u-82737024,alexlopez26,Alex Lopez,alexlopez26@example.com,2025-06-02T22:36:15.185267Z,https://example.com/profiles/alexlopez26.jpg
u-9e3f4f08,rowanallen29,Rowan Allen,rowanallen29@example.com,2025-02-19T07:44:58.185267Z,https://example.com/profiles/rowanallen29.jpg
u-a982f07b,remyrodriguez1,Remy Rodriguez,remyrodriguez1@example.com,2025-06-19T13:24:54.185267Z,https://example.com/profiles/remyrodriguez1.jpg
u-47223d71,samallen44,Sam Allen,samallen44@example.com,2024-12-14T18:45:59.185267Z,https://example.com/profiles/samallen44.jpg
u-9945cb14,charliemiller98,Charlie Miller,charliemiller98@example.com,2025-01-06T14:06:22.185267Z,https://example.com/profiles/charliemiller98.jpg
u-f57dbdfc,morganwilliams49,Morgan Williams,morganwilliams49@example.com,2024-10-05T10:16:47.185267Z,https://example.com/profiles/morganwilliams49.jpg
u-c25fdbe3,robinwalker78,Robin Walker,robinwalker78@example.com,2024-12-09T14:19:51.185267Z,https://example.com/profiles/robinwalker78.jpg
u-5f0fb8b1,jordanyoung69,Jordan Young,jordanyoung69@example.com,2024-10-16T08:16:54.185267Z,https://example.com/profiles/jordanyoung69.jpg
u-4daafaac,skywilliams71,Sky Williams,skywilliams71@example.com,2024-12-20T17:26:14.185267Z,https://example.com/profiles/skywilliams71.jpg
u-e4cc478a,sagewalker74,Sage Walker,sagewalker74@example.com,2024-11-11T13:04:38.185267Z,https://example.com/profiles/sagewalker74.jpg
u-55f38d3e,taylorjohnson85,Taylor Johnson,taylorjohnson85@example.com,2024-11-25T08:59:01.185267Z,https://example.com/profiles/taylorjohnson85.jpg
u-c5699f84,averywilliams30,Avery Williams,averywilliams30@example.com,2025-07-31T09:01:51.185267Z,https://example.com/profiles/averywilliams30.jpg
u-e6912638,morganhall36,Morgan Hall,morganhall36@example.com,2025-02-20T22:54:29.185267Z,https://example.com/profiles/morganhall36.jpg
u-774be978,robingarcia48,Robin Garcia,robingarcia48@example.com,2025-01-13T20:10:50.185267Z,https://example.com/profiles/robingarcia48.jpg
u-162e1baa,rileyrodriguez90,Riley Rodriguez,rileyrodriguez90@example.com,2025-08-27T15:04:16.185267Z,https://example.com/profiles/rileyrodriguez90.jpg
